id,image_name,label
0,test_0000.jpg,0
1,test_0001.jpg,0
2,test_0002.jpg,0
3,test_0003.jpg,0
4,test_0004.jpg,0
5,test_0005.jpg,0
6,test_0006.jpg,0
7,test_0007.jpg,0
8,test_0008.jpg,0
9,test_0009.jpg,0
10,test_0010.jpg,0
11,test_0011.jpg,0
12,test_0012.jpg,0
13,test_0013.jpg,0
14,test_0014.jpg,0
15,test_0015.jpg,0
16,test_0016.jpg,0
17,test_0017.jpg,0
18,test_0018.jpg,1
19,test_0019.jpg,1
20,test_0020.jpg,1
21,test_0021.jpg,1
22,test_0022.jpg,1
23,test_0023.jpg,1
24,test_0024.jpg,1
25,test_0025.jpg,1
26,test_0026.jpg,1
27,test_0027.jpg,1
28,test_0028.jpg,1
29,test_0029.jpg,1
30,test_0030.jpg,1
31,test_0031.jpg,1
32,test_0032.jpg,1
33,test_0033.jpg,1
34,test_0034.jpg,1
35,test_0035.jpg,1
36,test_0036.jpg,1
37,test_0037.jpg,1
38,test_0038.jpg,1
39,test_0039.jpg,1
40,test_0040.jpg,1
41,test_0041.jpg,1
42,test_0042.jpg,1
43,test_0043.jpg,1
44,test_0044.jpg,1
45,test_0045.jpg,1
46,test_0046.jpg,1
47,test_0047.jpg,1
48,test_0048.jpg,1
49,test_0049.jpg,1
50,test_0050.jpg,1
51,test_0051.jpg,1
52,test_0052.jpg,2
53,test_0053.jpg,2
54,test_0054.jpg,2
55,test_0055.jpg,2
56,test_0056.jpg,2
57,test_0057.jpg,2
58,test_0058.jpg,2
59,test_0059.jpg,2
60,test_0060.jpg,2
61,test_0061.jpg,2
62,test_0062.jpg,2
63,test_0063.jpg,3
64,test_0064.jpg,3
65,test_0065.jpg,3
66,test_0066.jpg,3
67,test_0067.jpg,3
68,test_0068.jpg,3
69,test_0069.jpg,3
70,test_0070.jpg,3
71,test_0071.jpg,3
72,test_0072.jpg,3
73,test_0073.jpg,3
74,test_0074.jpg,3
75,test_0075.jpg,3
76,test_0076.jpg,3
77,test_0077.jpg,3
78,test_0078.jpg,3
79,test_0079.jpg,3
80,test_0080.jpg,3
81,test_0081.jpg,3
82,test_0082.jpg,3
83,test_0083.jpg,3
84,test_0084.jpg,3
85,test_0085.jpg,3
86,test_0086.jpg,4
87,test_0087.jpg,4
88,test_0088.jpg,4
89,test_0089.jpg,4
90,test_0090.jpg,4
91,test_0091.jpg,4
92,test_0092.jpg,4
93,test_0093.jpg,4
94,test_0094.jpg,4
95,test_0095.jpg,4
96,test_0096.jpg,4
97,test_0097.jpg,4
98,test_0098.jpg,4
99,test_0099.jpg,4
100,test_0100.jpg,4
101,test_0101.jpg,4
102,test_0102.jpg,4
103,test_0103.jpg,4
104,test_0104.jpg,4
105,test_0105.jpg,4
106,test_0106.jpg,4
107,test_0107.jpg,4
108,test_0108.jpg,4
109,test_0109.jpg,4
110,test_0110.jpg,4
111,test_0111.jpg,4
112,test_0112.jpg,4
113,test_0113.jpg,4
114,test_0114.jpg,4
115,test_0115.jpg,4
116,test_0116.jpg,4
117,test_0117.jpg,4
118,test_0118.jpg,4
119,test_0119.jpg,4
120,test_0120.jpg,4
121,test_0121.jpg,4
122,test_0122.jpg,4
123,test_0123.jpg,4
124,test_0124.jpg,4
125,test_0125.jpg,4
126,test_0126.jpg,4
127,test_0127.jpg,4
128,test_0128.jpg,4
129,test_0129.jpg,4
130,test_0130.jpg,4
131,test_0131.jpg,4
132,test_0132.jpg,4
133,test_0133.jpg,4
134,test_0134.jpg,4
135,test_0135.jpg,4
136,test_0136.jpg,4
137,test_0137.jpg,4
138,test_0138.jpg,4
139,test_0139.jpg,4
140,test_0140.jpg,4
141,test_0141.jpg,4
142,test_0142.jpg,4
143,test_0143.jpg,4
144,test_0144.jpg,4
145,test_0145.jpg,4
146,test_0146.jpg,4
147,test_0147.jpg,4
148,test_0148.jpg,4
149,test_0149.jpg,4
150,test_0150.jpg,4
151,test_0151.jpg,4
152,test_0152.jpg,4
153,test_0153.jpg,4
154,test_0154.jpg,4
155,test_0155.jpg,4
156,test_0156.jpg,4
157,test_0157.jpg,4
158,test_0158.jpg,4
159,test_0159.jpg,4
160,test_0160.jpg,4
161,test_0161.jpg,4
162,test_0162.jpg,4
163,test_0163.jpg,4
164,test_0164.jpg,4
165,test_0165.jpg,4
166,test_0166.jpg,4
167,test_0167.jpg,4
168,test_0168.jpg,4
169,test_0169.jpg,4
170,test_0170.jpg,4
171,test_0171.jpg,4
172,test_0172.jpg,4
173,test_0173.jpg,4
174,test_0174.jpg,4
175,test_0175.jpg,4
176,test_0176.jpg,4
177,test_0177.jpg,4
178,test_0178.jpg,4
179,test_0179.jpg,4
180,test_0180.jpg,4
181,test_0181.jpg,4
182,test_0182.jpg,4
183,test_0183.jpg,4
184,test_0184.jpg,4
185,test_0185.jpg,4
186,test_0186.jpg,4
187,test_0187.jpg,4
188,test_0188.jpg,4
189,test_0189.jpg,4
190,test_0190.jpg,4
191,test_0191.jpg,4
192,test_0192.jpg,4
193,test_0193.jpg,4
194,test_0194.jpg,4
195,test_0195.jpg,4
196,test_0196.jpg,4
197,test_0197.jpg,4
198,test_0198.jpg,4
199,test_0199.jpg,4
200,test_0200.jpg,4
201,test_0201.jpg,4
202,test_0202.jpg,4
203,test_0203.jpg,4
204,test_0204.jpg,4
205,test_0205.jpg,4
206,test_0206.jpg,4
207,test_0207.jpg,4
208,test_0208.jpg,4
209,test_0209.jpg,4
210,test_0210.jpg,4
211,test_0211.jpg,4
212,test_0212.jpg,4
213,test_0213.jpg,4
214,test_0214.jpg,4
215,test_0215.jpg,4
216,test_0216.jpg,4
217,test_0217.jpg,4
218,test_0218.jpg,4
219,test_0219.jpg,4
220,test_0220.jpg,4
221,test_0221.jpg,4
222,test_0222.jpg,4
223,test_0223.jpg,4
224,test_0224.jpg,4
225,test_0225.jpg,4
226,test_0226.jpg,4
227,test_0227.jpg,4
228,test_0228.jpg,4
229,test_0229.jpg,4
230,test_0230.jpg,4
231,test_0231.jpg,4
232,test_0232.jpg,4
233,test_0233.jpg,4
234,test_0234.jpg,4
235,test_0235.jpg,4
236,test_0236.jpg,4
237,test_0237.jpg,4
238,test_0238.jpg,4
239,test_0239.jpg,4
240,test_0240.jpg,4
241,test_0241.jpg,4
242,test_0242.jpg,4
243,test_0243.jpg,4
244,test_0244.jpg,4
245,test_0245.jpg,4
246,test_0246.jpg,4
247,test_0247.jpg,4
248,test_0248.jpg,4
249,test_0249.jpg,4
250,test_0250.jpg,4
251,test_0251.jpg,4
252,test_0252.jpg,4
253,test_0253.jpg,4
254,test_0254.jpg,4
255,test_0255.jpg,4
256,test_0256.jpg,4
257,test_0257.jpg,4
258,test_0258.jpg,4
259,test_0259.jpg,4
260,test_0260.jpg,4
261,test_0261.jpg,4
262,test_0262.jpg,4
263,test_0263.jpg,5
264,test_0264.jpg,5
265,test_0265.jpg,5
266,test_0266.jpg,5
267,test_0267.jpg,5
268,test_0268.jpg,5
269,test_0269.jpg,5
270,test_0270.jpg,5
271,test_0271.jpg,5
272,test_0272.jpg,5
273,test_0273.jpg,5
274,test_0274.jpg,5
275,test_0275.jpg,5
276,test_0276.jpg,5
277,test_0277.jpg,5
278,test_0278.jpg,5
279,test_0279.jpg,5
280,test_0280.jpg,5
281,test_0281.jpg,5
282,test_0282.jpg,5
283,test_0283.jpg,5
284,test_0284.jpg,5
285,test_0285.jpg,5
286,test_0286.jpg,5
287,test_0287.jpg,5
288,test_0288.jpg,5
289,test_0289.jpg,5
290,test_0290.jpg,5
291,test_0291.jpg,5
292,test_0292.jpg,5
293,test_0293.jpg,5
294,test_0294.jpg,5
295,test_0295.jpg,5
296,test_0296.jpg,5
297,test_0297.jpg,5
298,test_0298.jpg,5
299,test_0299.jpg,5
300,test_0300.jpg,5
301,test_0301.jpg,5
302,test_0302.jpg,5
303,test_0303.jpg,5
304,test_0304.jpg,5
305,test_0305.jpg,5
306,test_0306.jpg,5
307,test_0307.jpg,5
308,test_0308.jpg,5
309,test_0309.jpg,5
310,test_0310.jpg,5
311,test_0311.jpg,5
312,test_0312.jpg,5
313,test_0313.jpg,5
314,test_0314.jpg,5
315,test_0315.jpg,5
316,test_0316.jpg,5
317,test_0317.jpg,5
318,test_0318.jpg,5
319,test_0319.jpg,5
320,test_0320.jpg,5
321,test_0321.jpg,5
322,test_0322.jpg,5
323,test_0323.jpg,5
324,test_0324.jpg,5
325,test_0325.jpg,5
326,test_0326.jpg,5
327,test_0327.jpg,5
328,test_0328.jpg,5
329,test_0329.jpg,5
330,test_0330.jpg,5
331,test_0331.jpg,5
332,test_0332.jpg,5
333,test_0333.jpg,5
334,test_0334.jpg,5
335,test_0335.jpg,5
336,test_0336.jpg,5
337,test_0337.jpg,5
338,test_0338.jpg,5
339,test_0339.jpg,5
340,test_0340.jpg,5
341,test_0341.jpg,5
342,test_0342.jpg,5
343,test_0343.jpg,5
344,test_0344.jpg,5
345,test_0345.jpg,5
346,test_0346.jpg,5
347,test_0347.jpg,5
348,test_0348.jpg,5
349,test_0349.jpg,5
350,test_0350.jpg,6
351,test_0351.jpg,6
352,test_0352.jpg,6
353,test_0353.jpg,6
354,test_0354.jpg,6
355,test_0355.jpg,7
356,test_0356.jpg,7
357,test_0357.jpg,7
358,test_0358.jpg,7
359,test_0359.jpg,7
360,test_0360.jpg,7
361,test_0361.jpg,7
362,test_0362.jpg,7
363,test_0363.jpg,7
364,test_0364.jpg,7
365,test_0365.jpg,7
366,test_0366.jpg,7
367,test_0367.jpg,7
368,test_0368.jpg,7
369,test_0369.jpg,7
370,test_0370.jpg,7
371,test_0371.jpg,7
372,test_0372.jpg,7
373,test_0373.jpg,7
374,test_0374.jpg,7
375,test_0375.jpg,7
376,test_0376.jpg,7
377,test_0377.jpg,7
378,test_0378.jpg,7
379,test_0379.jpg,7
380,test_0380.jpg,7
381,test_0381.jpg,7
382,test_0382.jpg,7
383,test_0383.jpg,7
384,test_0384.jpg,7
385,test_0385.jpg,7
386,test_0386.jpg,7
387,test_0387.jpg,7
388,test_0388.jpg,7
389,test_0389.jpg,7
390,test_0390.jpg,7
391,test_0391.jpg,7
392,test_0392.jpg,7
393,test_0393.jpg,7
394,test_0394.jpg,7
395,test_0395.jpg,7
396,test_0396.jpg,7
397,test_0397.jpg,7
398,test_0398.jpg,7
399,test_0399.jpg,7
400,test_0400.jpg,7
401,test_0401.jpg,7
402,test_0402.jpg,7
403,test_0403.jpg,7
404,test_0404.jpg,7
405,test_0405.jpg,7
406,test_0406.jpg,7
407,test_0407.jpg,7
408,test_0408.jpg,7
409,test_0409.jpg,7
410,test_0410.jpg,7
411,test_0411.jpg,7
412,test_0412.jpg,7
413,test_0413.jpg,7
414,test_0414.jpg,7
415,test_0415.jpg,7
416,test_0416.jpg,7
417,test_0417.jpg,7
418,test_0418.jpg,7
419,test_0419.jpg,7
420,test_0420.jpg,7
421,test_0421.jpg,7
422,test_0422.jpg,8
423,test_0423.jpg,8
424,test_0424.jpg,8
425,test_0425.jpg,9
426,test_0426.jpg,9
427,test_0427.jpg,9
428,test_0428.jpg,9
429,test_0429.jpg,9
430,test_0430.jpg,9
431,test_0431.jpg,9
432,test_0432.jpg,9
433,test_0433.jpg,9
434,test_0434.jpg,9
435,test_0435.jpg,9
436,test_0436.jpg,9
437,test_0437.jpg,9
438,test_0438.jpg,9
439,test_0439.jpg,9
440,test_0440.jpg,9
441,test_0441.jpg,9
442,test_0442.jpg,9
443,test_0443.jpg,9
444,test_0444.jpg,9
445,test_0445.jpg,9
446,test_0446.jpg,9
447,test_0447.jpg,9
448,test_0448.jpg,10
449,test_0449.jpg,10
450,test_0450.jpg,10
451,test_0451.jpg,10
452,test_0452.jpg,10
453,test_0453.jpg,10
454,test_0454.jpg,10
455,test_0455.jpg,10
456,test_0456.jpg,10
457,test_0457.jpg,10
458,test_0458.jpg,10
459,test_0459.jpg,10
460,test_0460.jpg,10
461,test_0461.jpg,10
462,test_0462.jpg,10
463,test_0463.jpg,10
464,test_0464.jpg,10
465,test_0465.jpg,10
466,test_0466.jpg,10
467,test_0467.jpg,10
468,test_0468.jpg,10
469,test_0469.jpg,10
470,test_0470.jpg,11
471,test_0471.jpg,11
472,test_0472.jpg,11
473,test_0473.jpg,11
474,test_0474.jpg,11
475,test_0475.jpg,11
476,test_0476.jpg,11
477,test_0477.jpg,11
478,test_0478.jpg,11
479,test_0479.jpg,11
480,test_0480.jpg,11
481,test_0481.jpg,11
482,test_0482.jpg,11
483,test_0483.jpg,11
484,test_0484.jpg,11
485,test_0485.jpg,11
486,test_0486.jpg,11
487,test_0487.jpg,11
488,test_0488.jpg,11
489,test_0489.jpg,11
490,test_0490.jpg,11
491,test_0491.jpg,11
492,test_0492.jpg,11
493,test_0493.jpg,11
494,test_0494.jpg,11
495,test_0495.jpg,11
496,test_0496.jpg,11
497,test_0497.jpg,11
498,test_0498.jpg,11
499,test_0499.jpg,11
500,test_0500.jpg,11
501,test_0501.jpg,11
502,test_0502.jpg,11
503,test_0503.jpg,11
504,test_0504.jpg,11
505,test_0505.jpg,11
506,test_0506.jpg,11
507,test_0507.jpg,11
508,test_0508.jpg,11
509,test_0509.jpg,12
510,test_0510.jpg,12
511,test_0511.jpg,12
512,test_0512.jpg,12
513,test_0513.jpg,12
514,test_0514.jpg,12
515,test_0515.jpg,12
516,test_0516.jpg,12
517,test_0517.jpg,12
518,test_0518.jpg,12
519,test_0519.jpg,12
520,test_0520.jpg,12
521,test_0521.jpg,12
522,test_0522.jpg,12
523,test_0523.jpg,12
524,test_0524.jpg,12
525,test_0525.jpg,12
526,test_0526.jpg,12
527,test_0527.jpg,12
528,test_0528.jpg,12
529,test_0529.jpg,12
530,test_0530.jpg,12
531,test_0531.jpg,12
532,test_0532.jpg,12
533,test_0533.jpg,12
534,test_0534.jpg,12
535,test_0535.jpg,12
536,test_0536.jpg,12
537,test_0537.jpg,12
538,test_0538.jpg,12
539,test_0539.jpg,12
540,test_0540.jpg,12
541,test_0541.jpg,12
542,test_0542.jpg,12
543,test_0543.jpg,12
544,test_0544.jpg,12
545,test_0545.jpg,12
546,test_0546.jpg,12
547,test_0547.jpg,13
548,test_0548.jpg,13
549,test_0549.jpg,13
550,test_0550.jpg,13
551,test_0551.jpg,13
552,test_0552.jpg,13
553,test_0553.jpg,13
554,test_0554.jpg,13
555,test_0555.jpg,13
556,test_0556.jpg,13
557,test_0557.jpg,13
558,test_0558.jpg,13
559,test_0559.jpg,13
560,test_0560.jpg,13
561,test_0561.jpg,13
562,test_0562.jpg,13
563,test_0563.jpg,13
564,test_0564.jpg,13
565,test_0565.jpg,13
566,test_0566.jpg,13
567,test_0567.jpg,13
568,test_0568.jpg,13
569,test_0569.jpg,13
570,test_0570.jpg,13
571,test_0571.jpg,13
572,test_0572.jpg,13
573,test_0573.jpg,13
574,test_0574.jpg,13
575,test_0575.jpg,14
576,test_0576.jpg,14
577,test_0577.jpg,14
578,test_0578.jpg,14
579,test_0579.jpg,14
580,test_0580.jpg,14
581,test_0581.jpg,14
582,test_0582.jpg,14
583,test_0583.jpg,14
584,test_0584.jpg,14
585,test_0585.jpg,14
586,test_0586.jpg,14
587,test_0587.jpg,14
588,test_0588.jpg,14
589,test_0589.jpg,14
590,test_0590.jpg,14
591,test_0591.jpg,14
592,test_0592.jpg,14
593,test_0593.jpg,14
594,test_0594.jpg,14
595,test_0595.jpg,14
596,test_0596.jpg,14
597,test_0597.jpg,14
598,test_0598.jpg,14
599,test_0599.jpg,14
600,test_0600.jpg,14
601,test_0601.jpg,14
602,test_0602.jpg,14
603,test_0603.jpg,14
604,test_0604.jpg,14
605,test_0605.jpg,14
606,test_0606.jpg,14
607,test_0607.jpg,14
608,test_0608.jpg,14
609,test_0609.jpg,14
610,test_0610.jpg,14
611,test_0611.jpg,14
612,test_0612.jpg,14
613,test_0613.jpg,14
614,test_0614.jpg,14
615,test_0615.jpg,14
616,test_0616.jpg,14
617,test_0617.jpg,14
618,test_0618.jpg,14
619,test_0619.jpg,14
620,test_0620.jpg,14
621,test_0621.jpg,14
622,test_0622.jpg,14
623,test_0623.jpg,14
624,test_0624.jpg,14
625,test_0625.jpg,14
626,test_0626.jpg,14
627,test_0627.jpg,14
628,test_0628.jpg,14
629,test_0629.jpg,14
630,test_0630.jpg,14
631,test_0631.jpg,14
632,test_0632.jpg,14
633,test_0633.jpg,14
634,test_0634.jpg,14
635,test_0635.jpg,14
636,test_0636.jpg,14
637,test_0637.jpg,14
638,test_0638.jpg,14
639,test_0639.jpg,14
640,test_0640.jpg,14
641,test_0641.jpg,14
642,test_0642.jpg,14
643,test_0643.jpg,14
644,test_0644.jpg,14
645,test_0645.jpg,14
646,test_0646.jpg,14
647,test_0647.jpg,15
648,test_0648.jpg,15
649,test_0649.jpg,15
650,test_0650.jpg,15
651,test_0651.jpg,15
652,test_0652.jpg,15
653,test_0653.jpg,15
654,test_0654.jpg,15
655,test_0655.jpg,15
656,test_0656.jpg,15
657,test_0657.jpg,15
658,test_0658.jpg,15
659,test_0659.jpg,15
660,test_0660.jpg,15
661,test_0661.jpg,15
662,test_0662.jpg,15
663,test_0663.jpg,15
664,test_0664.jpg,15
665,test_0665.jpg,15
666,test_0666.jpg,15
667,test_0667.jpg,15
668,test_0668.jpg,15
669,test_0669.jpg,15
670,test_0670.jpg,15
671,test_0671.jpg,15
672,test_0672.jpg,15
673,test_0673.jpg,15
674,test_0674.jpg,15
675,test_0675.jpg,15
676,test_0676.jpg,15
677,test_0677.jpg,15
678,test_0678.jpg,15
679,test_0679.jpg,15
680,test_0680.jpg,15
681,test_0681.jpg,15
682,test_0682.jpg,15
683,test_0683.jpg,15
684,test_0684.jpg,15
685,test_0685.jpg,15
686,test_0686.jpg,15
687,test_0687.jpg,15
688,test_0688.jpg,15
689,test_0689.jpg,15
690,test_0690.jpg,15
691,test_0691.jpg,15
692,test_0692.jpg,15
693,test_0693.jpg,15
694,test_0694.jpg,15
695,test_0695.jpg,16
696,test_0696.jpg,16
697,test_0697.jpg,16
698,test_0698.jpg,16
699,test_0699.jpg,16
700,test_0700.jpg,16
701,test_0701.jpg,16
702,test_0702.jpg,16
703,test_0703.jpg,16
704,test_0704.jpg,16
705,test_0705.jpg,16
706,test_0706.jpg,16
707,test_0707.jpg,16
708,test_0708.jpg,16
709,test_0709.jpg,16
710,test_0710.jpg,16
711,test_0711.jpg,16
712,test_0712.jpg,16
713,test_0713.jpg,16
714,test_0714.jpg,16
715,test_0715.jpg,16
716,test_0716.jpg,16
717,test_0717.jpg,16
718,test_0718.jpg,16
719,test_0719.jpg,16
720,test_0720.jpg,16
721,test_0721.jpg,17
722,test_0722.jpg,17
723,test_0723.jpg,17
724,test_0724.jpg,17
725,test_0725.jpg,17
726,test_0726.jpg,17
727,test_0727.jpg,17
728,test_0728.jpg,17
729,test_0729.jpg,17
730,test_0730.jpg,17
731,test_0731.jpg,17
732,test_0732.jpg,17
733,test_0733.jpg,17
734,test_0734.jpg,17
735,test_0735.jpg,17
736,test_0736.jpg,17
737,test_0737.jpg,17
738,test_0738.jpg,17
739,test_0739.jpg,17
740,test_0740.jpg,17
741,test_0741.jpg,17
742,test_0742.jpg,17
743,test_0743.jpg,17
744,test_0744.jpg,17
745,test_0745.jpg,17
746,test_0746.jpg,17
747,test_0747.jpg,17
748,test_0748.jpg,17
749,test_0749.jpg,17
750,test_0750.jpg,17
751,test_0751.jpg,17
752,test_0752.jpg,17
753,test_0753.jpg,17
754,test_0754.jpg,17
755,test_0755.jpg,17
756,test_0756.jpg,17
757,test_0757.jpg,17
758,test_0758.jpg,17
759,test_0759.jpg,17
760,test_0760.jpg,17
761,test_0761.jpg,17
762,test_0762.jpg,17
763,test_0763.jpg,17
764,test_0764.jpg,17
765,test_0765.jpg,17
766,test_0766.jpg,17
767,test_0767.jpg,17
768,test_0768.jpg,17
769,test_0769.jpg,17
770,test_0770.jpg,17
771,test_0771.jpg,17
772,test_0772.jpg,17
773,test_0773.jpg,17
774,test_0774.jpg,17
775,test_0775.jpg,17
776,test_0776.jpg,17
777,test_0777.jpg,17
778,test_0778.jpg,17
779,test_0779.jpg,17
780,test_0780.jpg,17
781,test_0781.jpg,17
782,test_0782.jpg,17
783,test_0783.jpg,17
784,test_0784.jpg,17
785,test_0785.jpg,17
786,test_0786.jpg,17
787,test_0787.jpg,17
788,test_0788.jpg,17
789,test_0789.jpg,17
790,test_0790.jpg,17
791,test_0791.jpg,17
792,test_0792.jpg,17
793,test_0793.jpg,17
794,test_0794.jpg,17
795,test_0795.jpg,17
796,test_0796.jpg,17
797,test_0797.jpg,17
798,test_0798.jpg,17
799,test_0799.jpg,17
800,test_0800.jpg,17
801,test_0801.jpg,17
802,test_0802.jpg,17
803,test_0803.jpg,17
804,test_0804.jpg,17
805,test_0805.jpg,17
806,test_0806.jpg,17
807,test_0807.jpg,17
808,test_0808.jpg,17
809,test_0809.jpg,17
810,test_0810.jpg,17
811,test_0811.jpg,17
812,test_0812.jpg,17
813,test_0813.jpg,17
814,test_0814.jpg,17
815,test_0815.jpg,17
816,test_0816.jpg,17
817,test_0817.jpg,17
818,test_0818.jpg,17
819,test_0819.jpg,18
820,test_0820.jpg,18
821,test_0821.jpg,18
822,test_0822.jpg,18
823,test_0823.jpg,18
824,test_0824.jpg,18
825,test_0825.jpg,18
826,test_0826.jpg,18
827,test_0827.jpg,18
828,test_0828.jpg,18
829,test_0829.jpg,18
830,test_0830.jpg,18
831,test_0831.jpg,18
832,test_0832.jpg,18
833,test_0833.jpg,18
834,test_0834.jpg,18
835,test_0835.jpg,18
836,test_0836.jpg,18
837,test_0837.jpg,18
838,test_0838.jpg,18
839,test_0839.jpg,18
840,test_0840.jpg,18
841,test_0841.jpg,18
842,test_0842.jpg,18
843,test_0843.jpg,18
844,test_0844.jpg,18
845,test_0845.jpg,18
846,test_0846.jpg,18
847,test_0847.jpg,18
848,test_0848.jpg,18
849,test_0849.jpg,18
850,test_0850.jpg,18
851,test_0851.jpg,18
852,test_0852.jpg,18
853,test_0853.jpg,18
854,test_0854.jpg,18
855,test_0855.jpg,18
856,test_0856.jpg,18
857,test_0857.jpg,19
858,test_0858.jpg,19
859,test_0859.jpg,19
860,test_0860.jpg,19
861,test_0861.jpg,19
862,test_0862.jpg,19
863,test_0863.jpg,19
864,test_0864.jpg,19
865,test_0865.jpg,19
866,test_0866.jpg,19
867,test_0867.jpg,19
868,test_0868.jpg,19
869,test_0869.jpg,20
870,test_0870.jpg,20
871,test_0871.jpg,20
872,test_0872.jpg,20
873,test_0873.jpg,20
874,test_0874.jpg,20
875,test_0875.jpg,20
876,test_0876.jpg,20
877,test_0877.jpg,20
878,test_0878.jpg,20
879,test_0879.jpg,20
880,test_0880.jpg,20
881,test_0881.jpg,20
882,test_0882.jpg,20
883,test_0883.jpg,20
884,test_0884.jpg,20
885,test_0885.jpg,20
886,test_0886.jpg,20
887,test_0887.jpg,20
888,test_0888.jpg,20
889,test_0889.jpg,20
890,test_0890.jpg,20
891,test_0891.jpg,20
892,test_0892.jpg,20
893,test_0893.jpg,20
894,test_0894.jpg,20
895,test_0895.jpg,20
896,test_0896.jpg,20
897,test_0897.jpg,20
898,test_0898.jpg,20
899,test_0899.jpg,20
900,test_0900.jpg,20
901,test_0901.jpg,20
902,test_0902.jpg,20
903,test_0903.jpg,20
904,test_0904.jpg,20
905,test_0905.jpg,20
906,test_0906.jpg,20
907,test_0907.jpg,20
908,test_0908.jpg,20
909,test_0909.jpg,20
910,test_0910.jpg,20
911,test_0911.jpg,20
912,test_0912.jpg,20
913,test_0913.jpg,20
914,test_0914.jpg,20
915,test_0915.jpg,20
916,test_0916.jpg,20
917,test_0917.jpg,20
918,test_0918.jpg,20
919,test_0919.jpg,20
920,test_0920.jpg,20
921,test_0921.jpg,20
922,test_0922.jpg,20
923,test_0923.jpg,20
924,test_0924.jpg,20
925,test_0925.jpg,20
926,test_0926.jpg,20
927,test_0927.jpg,20
928,test_0928.jpg,20
929,test_0929.jpg,20
930,test_0930.jpg,20
931,test_0931.jpg,20
932,test_0932.jpg,20
933,test_0933.jpg,20
934,test_0934.jpg,20
935,test_0935.jpg,20
936,test_0936.jpg,20
937,test_0937.jpg,20
938,test_0938.jpg,20
939,test_0939.jpg,20
940,test_0940.jpg,20
941,test_0941.jpg,20
942,test_0942.jpg,20
943,test_0943.jpg,20
944,test_0944.jpg,20
945,test_0945.jpg,20
946,test_0946.jpg,20
947,test_0947.jpg,20
948,test_0948.jpg,20
949,test_0949.jpg,20
950,test_0950.jpg,20
951,test_0951.jpg,20
952,test_0952.jpg,20
953,test_0953.jpg,20
954,test_0954.jpg,20
955,test_0955.jpg,20
956,test_0956.jpg,20
957,test_0957.jpg,20
958,test_0958.jpg,20
959,test_0959.jpg,20
960,test_0960.jpg,21
961,test_0961.jpg,21
962,test_0962.jpg,21
963,test_0963.jpg,21
964,test_0964.jpg,21
965,test_0965.jpg,21
966,test_0966.jpg,21
967,test_0967.jpg,21
968,test_0968.jpg,21
969,test_0969.jpg,21
970,test_0970.jpg,22
971,test_0971.jpg,22
972,test_0972.jpg,22
973,test_0973.jpg,22
974,test_0974.jpg,22
975,test_0975.jpg,22
976,test_0976.jpg,22
977,test_0977.jpg,22
978,test_0978.jpg,22
979,test_0979.jpg,22
980,test_0980.jpg,22
981,test_0981.jpg,22
982,test_0982.jpg,22
983,test_0983.jpg,22
984,test_0984.jpg,22
985,test_0985.jpg,22
986,test_0986.jpg,22
987,test_0987.jpg,22
988,test_0988.jpg,22
989,test_0989.jpg,22
990,test_0990.jpg,22
991,test_0991.jpg,22
992,test_0992.jpg,22
993,test_0993.jpg,22
994,test_0994.jpg,22
995,test_0995.jpg,22
996,test_0996.jpg,22
997,test_0997.jpg,22
998,test_0998.jpg,22
999,test_0999.jpg,22
1000,test_1000.jpg,22
1001,test_1001.jpg,22
1002,test_1002.jpg,22
1003,test_1003.jpg,22
1004,test_1004.jpg,22
1005,test_1005.jpg,22
1006,test_1006.jpg,22
1007,test_1007.jpg,22
1008,test_1008.jpg,22
1009,test_1009.jpg,22
1010,test_1010.jpg,22
1011,test_1011.jpg,22
1012,test_1012.jpg,22
1013,test_1013.jpg,22
1014,test_1014.jpg,22
1015,test_1015.jpg,22
1016,test_1016.jpg,22
1017,test_1017.jpg,22
1018,test_1018.jpg,22
1019,test_1019.jpg,22
1020,test_1020.jpg,22
1021,test_1021.jpg,22
1022,test_1022.jpg,22
1023,test_1023.jpg,22
1024,test_1024.jpg,22
1025,test_1025.jpg,22
1026,test_1026.jpg,22
1027,test_1027.jpg,22
1028,test_1028.jpg,22
1029,test_1029.jpg,22
1030,test_1030.jpg,22
1031,test_1031.jpg,22
1032,test_1032.jpg,22
1033,test_1033.jpg,22
1034,test_1034.jpg,22
1035,test_1035.jpg,22
1036,test_1036.jpg,22
1037,test_1037.jpg,22
1038,test_1038.jpg,22
1039,test_1039.jpg,22
1040,test_1040.jpg,22
1041,test_1041.jpg,22
1042,test_1042.jpg,22
1043,test_1043.jpg,22
1044,test_1044.jpg,22
1045,test_1045.jpg,22
1046,test_1046.jpg,22
1047,test_1047.jpg,22
1048,test_1048.jpg,22
1049,test_1049.jpg,22
1050,test_1050.jpg,22
1051,test_1051.jpg,22
1052,test_1052.jpg,22
1053,test_1053.jpg,22
1054,test_1054.jpg,22
1055,test_1055.jpg,22
1056,test_1056.jpg,22
1057,test_1057.jpg,22
1058,test_1058.jpg,22
1059,test_1059.jpg,22
1060,test_1060.jpg,22
1061,test_1061.jpg,22
1062,test_1062.jpg,22
1063,test_1063.jpg,22
1064,test_1064.jpg,22
1065,test_1065.jpg,22
1066,test_1066.jpg,22
1067,test_1067.jpg,22
1068,test_1068.jpg,22
1069,test_1069.jpg,22
1070,test_1070.jpg,22
1071,test_1071.jpg,22
1072,test_1072.jpg,22
1073,test_1073.jpg,22
1074,test_1074.jpg,22
1075,test_1075.jpg,22
1076,test_1076.jpg,22
1077,test_1077.jpg,22
1078,test_1078.jpg,22
1079,test_1079.jpg,22
1080,test_1080.jpg,22
1081,test_1081.jpg,22
1082,test_1082.jpg,22
1083,test_1083.jpg,22
1084,test_1084.jpg,22
1085,test_1085.jpg,22
1086,test_1086.jpg,22
1087,test_1087.jpg,22
1088,test_1088.jpg,22
1089,test_1089.jpg,22
1090,test_1090.jpg,22
1091,test_1091.jpg,22
1092,test_1092.jpg,22
1093,test_1093.jpg,22
1094,test_1094.jpg,22
1095,test_1095.jpg,22
1096,test_1096.jpg,22
1097,test_1097.jpg,22
1098,test_1098.jpg,22
1099,test_1099.jpg,22
1100,test_1100.jpg,22
1101,test_1101.jpg,22
1102,test_1102.jpg,22
1103,test_1103.jpg,22
1104,test_1104.jpg,22
1105,test_1105.jpg,22
1106,test_1106.jpg,22
1107,test_1107.jpg,22
1108,test_1108.jpg,22
1109,test_1109.jpg,22
1110,test_1110.jpg,22
1111,test_1111.jpg,22
1112,test_1112.jpg,22
1113,test_1113.jpg,22
1114,test_1114.jpg,22
1115,test_1115.jpg,22
1116,test_1116.jpg,22
1117,test_1117.jpg,22
1118,test_1118.jpg,22
1119,test_1119.jpg,22
1120,test_1120.jpg,22
1121,test_1121.jpg,22
1122,test_1122.jpg,22
1123,test_1123.jpg,22
1124,test_1124.jpg,22
1125,test_1125.jpg,22
1126,test_1126.jpg,22
1127,test_1127.jpg,22
1128,test_1128.jpg,22
1129,test_1129.jpg,22
1130,test_1130.jpg,22
1131,test_1131.jpg,22
1132,test_1132.jpg,22
1133,test_1133.jpg,22
1134,test_1134.jpg,22
1135,test_1135.jpg,22
1136,test_1136.jpg,22
1137,test_1137.jpg,22
1138,test_1138.jpg,22
1139,test_1139.jpg,22
1140,test_1140.jpg,22
1141,test_1141.jpg,22
1142,test_1142.jpg,22
1143,test_1143.jpg,22
1144,test_1144.jpg,22
1145,test_1145.jpg,22
1146,test_1146.jpg,22
1147,test_1147.jpg,22
1148,test_1148.jpg,22
1149,test_1149.jpg,22
1150,test_1150.jpg,22
1151,test_1151.jpg,22
1152,test_1152.jpg,22
1153,test_1153.jpg,22
1154,test_1154.jpg,22
1155,test_1155.jpg,22
1156,test_1156.jpg,22
1157,test_1157.jpg,22
1158,test_1158.jpg,22
1159,test_1159.jpg,22
1160,test_1160.jpg,22
1161,test_1161.jpg,22
1162,test_1162.jpg,22
1163,test_1163.jpg,22
1164,test_1164.jpg,22
1165,test_1165.jpg,22
1166,test_1166.jpg,22
1167,test_1167.jpg,22
1168,test_1168.jpg,22
1169,test_1169.jpg,22
1170,test_1170.jpg,22
1171,test_1171.jpg,22
1172,test_1172.jpg,22
1173,test_1173.jpg,22
1174,test_1174.jpg,22
1175,test_1175.jpg,22
1176,test_1176.jpg,22
1177,test_1177.jpg,22
1178,test_1178.jpg,22
1179,test_1179.jpg,22
1180,test_1180.jpg,22
1181,test_1181.jpg,22
1182,test_1182.jpg,22
1183,test_1183.jpg,22
1184,test_1184.jpg,22
1185,test_1185.jpg,22
1186,test_1186.jpg,22
1187,test_1187.jpg,22
1188,test_1188.jpg,22
1189,test_1189.jpg,22
1190,test_1190.jpg,22
1191,test_1191.jpg,22
1192,test_1192.jpg,22
1193,test_1193.jpg,22
1194,test_1194.jpg,22
1195,test_1195.jpg,22
1196,test_1196.jpg,22
1197,test_1197.jpg,22
1198,test_1198.jpg,22
1199,test_1199.jpg,22
1200,test_1200.jpg,22
1201,test_1201.jpg,22
1202,test_1202.jpg,23
1203,test_1203.jpg,23
1204,test_1204.jpg,23
1205,test_1205.jpg,23
1206,test_1206.jpg,23
1207,test_1207.jpg,23
1208,test_1208.jpg,23
1209,test_1209.jpg,23
1210,test_1210.jpg,23
1211,test_1211.jpg,23
1212,test_1212.jpg,23
1213,test_1213.jpg,23
1214,test_1214.jpg,23
1215,test_1215.jpg,23
1216,test_1216.jpg,23
1217,test_1217.jpg,23
1218,test_1218.jpg,23
1219,test_1219.jpg,23
1220,test_1220.jpg,23
1221,test_1221.jpg,23
1222,test_1222.jpg,23
1223,test_1223.jpg,23
1224,test_1224.jpg,23
1225,test_1225.jpg,23
1226,test_1226.jpg,23
1227,test_1227.jpg,23
1228,test_1228.jpg,23
1229,test_1229.jpg,23
1230,test_1230.jpg,23
1231,test_1231.jpg,23
1232,test_1232.jpg,23
1233,test_1233.jpg,23
1234,test_1234.jpg,23
1235,test_1235.jpg,23
1236,test_1236.jpg,23
1237,test_1237.jpg,23
1238,test_1238.jpg,23
1239,test_1239.jpg,23
1240,test_1240.jpg,23
1241,test_1241.jpg,23
1242,test_1242.jpg,23
1243,test_1243.jpg,23
1244,test_1244.jpg,23
1245,test_1245.jpg,23
1246,test_1246.jpg,23
1247,test_1247.jpg,23
1248,test_1248.jpg,23
1249,test_1249.jpg,23
1250,test_1250.jpg,23
1251,test_1251.jpg,23
1252,test_1252.jpg,23
1253,test_1253.jpg,23
1254,test_1254.jpg,23
1255,test_1255.jpg,23
1256,test_1256.jpg,23
1257,test_1257.jpg,23
1258,test_1258.jpg,23
1259,test_1259.jpg,23
1260,test_1260.jpg,23
1261,test_1261.jpg,23
1262,test_1262.jpg,23
1263,test_1263.jpg,24
1264,test_1264.jpg,24
1265,test_1265.jpg,24
1266,test_1266.jpg,24
1267,test_1267.jpg,24
1268,test_1268.jpg,24
1269,test_1269.jpg,24
1270,test_1270.jpg,24
1271,test_1271.jpg,24
1272,test_1272.jpg,24
1273,test_1273.jpg,24
1274,test_1274.jpg,24
1275,test_1275.jpg,24
1276,test_1276.jpg,24
1277,test_1277.jpg,24
1278,test_1278.jpg,24
1279,test_1279.jpg,24
1280,test_1280.jpg,24
1281,test_1281.jpg,24
1282,test_1282.jpg,24
1283,test_1283.jpg,24
1284,test_1284.jpg,24
1285,test_1285.jpg,24
1286,test_1286.jpg,24
1287,test_1287.jpg,24
1288,test_1288.jpg,24
1289,test_1289.jpg,24
1290,test_1290.jpg,24
1291,test_1291.jpg,24
1292,test_1292.jpg,24
1293,test_1293.jpg,26
1294,test_1294.jpg,26
1295,test_1295.jpg,26
1296,test_1296.jpg,26
1297,test_1297.jpg,26
1298,test_1298.jpg,26
1299,test_1299.jpg,26
1300,test_1300.jpg,26
1301,test_1301.jpg,26
1302,test_1302.jpg,26
1303,test_1303.jpg,26
1304,test_1304.jpg,26
1305,test_1305.jpg,26
1306,test_1306.jpg,26
1307,test_1307.jpg,26
1308,test_1308.jpg,26
1309,test_1309.jpg,27
1310,test_1310.jpg,27
1311,test_1311.jpg,27
1312,test_1312.jpg,27
1313,test_1313.jpg,27
1314,test_1314.jpg,27
1315,test_1315.jpg,27
1316,test_1316.jpg,27
1317,test_1317.jpg,27
1318,test_1318.jpg,27
1319,test_1319.jpg,27
1320,test_1320.jpg,27
1321,test_1321.jpg,27
1322,test_1322.jpg,27
1323,test_1323.jpg,28
1324,test_1324.jpg,28
1325,test_1325.jpg,28
1326,test_1326.jpg,28
1327,test_1327.jpg,28
1328,test_1328.jpg,28
1329,test_1329.jpg,28
1330,test_1330.jpg,28
1331,test_1331.jpg,28
1332,test_1332.jpg,28
1333,test_1333.jpg,28
1334,test_1334.jpg,28
1335,test_1335.jpg,28
1336,test_1336.jpg,28
1337,test_1337.jpg,28
1338,test_1338.jpg,28
1339,test_1339.jpg,28
1340,test_1340.jpg,28
1341,test_1341.jpg,28
1342,test_1342.jpg,28
1343,test_1343.jpg,28
1344,test_1344.jpg,28
1345,test_1345.jpg,29
1346,test_1346.jpg,29
1347,test_1347.jpg,29
1348,test_1348.jpg,29
1349,test_1349.jpg,29
1350,test_1350.jpg,29
1351,test_1351.jpg,29
1352,test_1352.jpg,29
1353,test_1353.jpg,29
1354,test_1354.jpg,30
1355,test_1355.jpg,30
1356,test_1356.jpg,30
1357,test_1357.jpg,30
1358,test_1358.jpg,31
1359,test_1359.jpg,32
1360,test_1360.jpg,32
1361,test_1361.jpg,32
1362,test_1362.jpg,32
1363,test_1363.jpg,32
1364,test_1364.jpg,32
1365,test_1365.jpg,32
1366,test_1366.jpg,32
1367,test_1367.jpg,32
1368,test_1368.jpg,32
1369,test_1369.jpg,32
1370,test_1370.jpg,32
1371,test_1371.jpg,32
1372,test_1372.jpg,32
1373,test_1373.jpg,32
1374,test_1374.jpg,32
1375,test_1375.jpg,32
1376,test_1376.jpg,32
1377,test_1377.jpg,32
1378,test_1378.jpg,32
1379,test_1379.jpg,32
1380,test_1380.jpg,32
1381,test_1381.jpg,32
1382,test_1382.jpg,32
1383,test_1383.jpg,32
1384,test_1384.jpg,32
1385,test_1385.jpg,32
1386,test_1386.jpg,32
1387,test_1387.jpg,32
1388,test_1388.jpg,32
1389,test_1389.jpg,32
1390,test_1390.jpg,32
1391,test_1391.jpg,33
1392,test_1392.jpg,33
1393,test_1393.jpg,33
1394,test_1394.jpg,33
1395,test_1395.jpg,33
1396,test_1396.jpg,33
1397,test_1397.jpg,33
1398,test_1398.jpg,33
1399,test_1399.jpg,33
1400,test_1400.jpg,33
1401,test_1401.jpg,33
1402,test_1402.jpg,33
1403,test_1403.jpg,33
1404,test_1404.jpg,33
1405,test_1405.jpg,33
1406,test_1406.jpg,33
1407,test_1407.jpg,33
1408,test_1408.jpg,33
1409,test_1409.jpg,33
1410,test_1410.jpg,33
1411,test_1411.jpg,33
1412,test_1412.jpg,33
1413,test_1413.jpg,33
1414,test_1414.jpg,33
1415,test_1415.jpg,33
1416,test_1416.jpg,33
1417,test_1417.jpg,33
1418,test_1418.jpg,33
1419,test_1419.jpg,33
1420,test_1420.jpg,33
1421,test_1421.jpg,33
1422,test_1422.jpg,33
1423,test_1423.jpg,33
1424,test_1424.jpg,33
1425,test_1425.jpg,33
1426,test_1426.jpg,33
1427,test_1427.jpg,33
1428,test_1428.jpg,33
1429,test_1429.jpg,33
1430,test_1430.jpg,33
1431,test_1431.jpg,33
1432,test_1432.jpg,33
1433,test_1433.jpg,33
1434,test_1434.jpg,33
1435,test_1435.jpg,33
1436,test_1436.jpg,33
1437,test_1437.jpg,33
1438,test_1438.jpg,33
1439,test_1439.jpg,33
1440,test_1440.jpg,33
1441,test_1441.jpg,33
1442,test_1442.jpg,33
1443,test_1443.jpg,33
1444,test_1444.jpg,33
1445,test_1445.jpg,33
1446,test_1446.jpg,33
1447,test_1447.jpg,33
1448,test_1448.jpg,33
1449,test_1449.jpg,33
1450,test_1450.jpg,33
1451,test_1451.jpg,33
1452,test_1452.jpg,33
1453,test_1453.jpg,33
1454,test_1454.jpg,33
1455,test_1455.jpg,33
1456,test_1456.jpg,33
1457,test_1457.jpg,33
1458,test_1458.jpg,33
1459,test_1459.jpg,33
1460,test_1460.jpg,33
1461,test_1461.jpg,33
1462,test_1462.jpg,33
1463,test_1463.jpg,33
1464,test_1464.jpg,33
1465,test_1465.jpg,33
1466,test_1466.jpg,33
1467,test_1467.jpg,33
1468,test_1468.jpg,33
1469,test_1469.jpg,33
1470,test_1470.jpg,33
1471,test_1471.jpg,33
1472,test_1472.jpg,33
1473,test_1473.jpg,33
1474,test_1474.jpg,33
1475,test_1475.jpg,33
1476,test_1476.jpg,33
1477,test_1477.jpg,33
1478,test_1478.jpg,33
1479,test_1479.jpg,33
1480,test_1480.jpg,33
1481,test_1481.jpg,33
1482,test_1482.jpg,33
1483,test_1483.jpg,33
1484,test_1484.jpg,33
1485,test_1485.jpg,33
1486,test_1486.jpg,33
1487,test_1487.jpg,33
1488,test_1488.jpg,33
1489,test_1489.jpg,33
1490,test_1490.jpg,33
1491,test_1491.jpg,33
1492,test_1492.jpg,33
1493,test_1493.jpg,33
1494,test_1494.jpg,33
1495,test_1495.jpg,33
1496,test_1496.jpg,33
1497,test_1497.jpg,33
1498,test_1498.jpg,33
1499,test_1499.jpg,33
1500,test_1500.jpg,33
1501,test_1501.jpg,33
1502,test_1502.jpg,33
1503,test_1503.jpg,33
1504,test_1504.jpg,33
1505,test_1505.jpg,33
1506,test_1506.jpg,33
1507,test_1507.jpg,33
1508,test_1508.jpg,33
1509,test_1509.jpg,33
1510,test_1510.jpg,33
1511,test_1511.jpg,33
1512,test_1512.jpg,33
1513,test_1513.jpg,33
1514,test_1514.jpg,33
1515,test_1515.jpg,33
1516,test_1516.jpg,33
1517,test_1517.jpg,33
1518,test_1518.jpg,33
1519,test_1519.jpg,33
1520,test_1520.jpg,33
1521,test_1521.jpg,33
1522,test_1522.jpg,33
1523,test_1523.jpg,34
1524,test_1524.jpg,34
1525,test_1525.jpg,34
1526,test_1526.jpg,34
1527,test_1527.jpg,34
1528,test_1528.jpg,34
1529,test_1529.jpg,34
1530,test_1530.jpg,34
1531,test_1531.jpg,34
1532,test_1532.jpg,34
1533,test_1533.jpg,34
1534,test_1534.jpg,34
1535,test_1535.jpg,34
1536,test_1536.jpg,34
1537,test_1537.jpg,34
1538,test_1538.jpg,34
1539,test_1539.jpg,34
1540,test_1540.jpg,34
1541,test_1541.jpg,34
1542,test_1542.jpg,34
1543,test_1543.jpg,34
1544,test_1544.jpg,34
1545,test_1545.jpg,34
1546,test_1546.jpg,34
1547,test_1547.jpg,34
1548,test_1548.jpg,34
1549,test_1549.jpg,34
1550,test_1550.jpg,34
1551,test_1551.jpg,34
1552,test_1552.jpg,34
1553,test_1553.jpg,34
1554,test_1554.jpg,34
1555,test_1555.jpg,34
1556,test_1556.jpg,34
1557,test_1557.jpg,34
1558,test_1558.jpg,34
1559,test_1559.jpg,34
1560,test_1560.jpg,34
1561,test_1561.jpg,34
1562,test_1562.jpg,34
1563,test_1563.jpg,34
1564,test_1564.jpg,34
1565,test_1565.jpg,34
1566,test_1566.jpg,34
1567,test_1567.jpg,34
1568,test_1568.jpg,34
1569,test_1569.jpg,34
1570,test_1570.jpg,34
1571,test_1571.jpg,34
1572,test_1572.jpg,34
1573,test_1573.jpg,34
1574,test_1574.jpg,34
1575,test_1575.jpg,34
1576,test_1576.jpg,34
1577,test_1577.jpg,34
1578,test_1578.jpg,34
1579,test_1579.jpg,34
1580,test_1580.jpg,34
1581,test_1581.jpg,34
1582,test_1582.jpg,34
1583,test_1583.jpg,34
1584,test_1584.jpg,34
1585,test_1585.jpg,34
1586,test_1586.jpg,34
1587,test_1587.jpg,34
1588,test_1588.jpg,34
1589,test_1589.jpg,34
1590,test_1590.jpg,34
1591,test_1591.jpg,34
1592,test_1592.jpg,34
1593,test_1593.jpg,34
1594,test_1594.jpg,34
1595,test_1595.jpg,34
1596,test_1596.jpg,34
1597,test_1597.jpg,34
1598,test_1598.jpg,34
1599,test_1599.jpg,34
1600,test_1600.jpg,34
1601,test_1601.jpg,34
1602,test_1602.jpg,35
1603,test_1603.jpg,35
1604,test_1604.jpg,35
1605,test_1605.jpg,35
1606,test_1606.jpg,35
1607,test_1607.jpg,35
1608,test_1608.jpg,35
1609,test_1609.jpg,35
1610,test_1610.jpg,35
1611,test_1611.jpg,35
1612,test_1612.jpg,35
1613,test_1613.jpg,35
1614,test_1614.jpg,35
1615,test_1615.jpg,35
1616,test_1616.jpg,35
1617,test_1617.jpg,35
1618,test_1618.jpg,35
1619,test_1619.jpg,36
1620,test_1620.jpg,36
1621,test_1621.jpg,36
1622,test_1622.jpg,36
1623,test_1623.jpg,37
1624,test_1624.jpg,37
1625,test_1625.jpg,37
1626,test_1626.jpg,37
1627,test_1627.jpg,37
1628,test_1628.jpg,37
1629,test_1629.jpg,37
1630,test_1630.jpg,37
1631,test_1631.jpg,37
1632,test_1632.jpg,37
1633,test_1633.jpg,37
1634,test_1634.jpg,37
1635,test_1635.jpg,37
1636,test_1636.jpg,37
1637,test_1637.jpg,37
1638,test_1638.jpg,37
1639,test_1639.jpg,37
1640,test_1640.jpg,37
1641,test_1641.jpg,37
1642,test_1642.jpg,37
1643,test_1643.jpg,37
1644,test_1644.jpg,37
1645,test_1645.jpg,37
1646,test_1646.jpg,37
1647,test_1647.jpg,37
1648,test_1648.jpg,37
1649,test_1649.jpg,37
1650,test_1650.jpg,37
1651,test_1651.jpg,37
1652,test_1652.jpg,37
1653,test_1653.jpg,37
1654,test_1654.jpg,37
1655,test_1655.jpg,37
1656,test_1656.jpg,37
1657,test_1657.jpg,37
1658,test_1658.jpg,37
1659,test_1659.jpg,37
1660,test_1660.jpg,37
1661,test_1661.jpg,37
1662,test_1662.jpg,37
1663,test_1663.jpg,37
1664,test_1664.jpg,37
1665,test_1665.jpg,37
1666,test_1666.jpg,37
1667,test_1667.jpg,37
1668,test_1668.jpg,37
1669,test_1669.jpg,37
1670,test_1670.jpg,37
1671,test_1671.jpg,37
1672,test_1672.jpg,37
1673,test_1673.jpg,37
1674,test_1674.jpg,37
1675,test_1675.jpg,37
1676,test_1676.jpg,37
1677,test_1677.jpg,37
1678,test_1678.jpg,37
1679,test_1679.jpg,37
1680,test_1680.jpg,37
1681,test_1681.jpg,37
1682,test_1682.jpg,37
1683,test_1683.jpg,37
1684,test_1684.jpg,37
1685,test_1685.jpg,37
1686,test_1686.jpg,37
1687,test_1687.jpg,37
1688,test_1688.jpg,37
1689,test_1689.jpg,37
1690,test_1690.jpg,37
1691,test_1691.jpg,37
1692,test_1692.jpg,37
1693,test_1693.jpg,37
1694,test_1694.jpg,37
1695,test_1695.jpg,37
1696,test_1696.jpg,37
1697,test_1697.jpg,37
1698,test_1698.jpg,37
1699,test_1699.jpg,37
1700,test_1700.jpg,37
1701,test_1701.jpg,37
1702,test_1702.jpg,37
1703,test_1703.jpg,37
1704,test_1704.jpg,37
1705,test_1705.jpg,37
1706,test_1706.jpg,37
1707,test_1707.jpg,37
1708,test_1708.jpg,37
1709,test_1709.jpg,37
1710,test_1710.jpg,37
1711,test_1711.jpg,37
1712,test_1712.jpg,37
1713,test_1713.jpg,37
1714,test_1714.jpg,37
1715,test_1715.jpg,37
1716,test_1716.jpg,37
1717,test_1717.jpg,37
1718,test_1718.jpg,37
1719,test_1719.jpg,37
1720,test_1720.jpg,37
1721,test_1721.jpg,37
1722,test_1722.jpg,37
1723,test_1723.jpg,37
1724,test_1724.jpg,37
1725,test_1725.jpg,37
1726,test_1726.jpg,37
1727,test_1727.jpg,37
1728,test_1728.jpg,37
1729,test_1729.jpg,37
1730,test_1730.jpg,37
1731,test_1731.jpg,37
1732,test_1732.jpg,37
1733,test_1733.jpg,37
1734,test_1734.jpg,37
1735,test_1735.jpg,37
1736,test_1736.jpg,37
1737,test_1737.jpg,37
1738,test_1738.jpg,37
1739,test_1739.jpg,37
1740,test_1740.jpg,37
1741,test_1741.jpg,37
1742,test_1742.jpg,37
1743,test_1743.jpg,37
1744,test_1744.jpg,37
1745,test_1745.jpg,37
1746,test_1746.jpg,37
1747,test_1747.jpg,37
1748,test_1748.jpg,37
1749,test_1749.jpg,37
1750,test_1750.jpg,37
1751,test_1751.jpg,37
1752,test_1752.jpg,37
1753,test_1753.jpg,37
1754,test_1754.jpg,37
1755,test_1755.jpg,37
1756,test_1756.jpg,37
1757,test_1757.jpg,37
1758,test_1758.jpg,37
1759,test_1759.jpg,37
1760,test_1760.jpg,37
1761,test_1761.jpg,37
1762,test_1762.jpg,37
1763,test_1763.jpg,37
1764,test_1764.jpg,37
1765,test_1765.jpg,37
1766,test_1766.jpg,37
1767,test_1767.jpg,37
1768,test_1768.jpg,37
1769,test_1769.jpg,37
1770,test_1770.jpg,37
1771,test_1771.jpg,37
1772,test_1772.jpg,37
1773,test_1773.jpg,37
1774,test_1774.jpg,37
1775,test_1775.jpg,37
1776,test_1776.jpg,37
1777,test_1777.jpg,37
1778,test_1778.jpg,37
1779,test_1779.jpg,37
1780,test_1780.jpg,37
1781,test_1781.jpg,37
1782,test_1782.jpg,37
1783,test_1783.jpg,37
1784,test_1784.jpg,37
1785,test_1785.jpg,37
1786,test_1786.jpg,37
1787,test_1787.jpg,37
1788,test_1788.jpg,37
1789,test_1789.jpg,37
1790,test_1790.jpg,37
1791,test_1791.jpg,37
1792,test_1792.jpg,37
1793,test_1793.jpg,37
1794,test_1794.jpg,37
1795,test_1795.jpg,37
1796,test_1796.jpg,37
1797,test_1797.jpg,37
1798,test_1798.jpg,37
1799,test_1799.jpg,37
1800,test_1800.jpg,37
1801,test_1801.jpg,38
1802,test_1802.jpg,38
1803,test_1803.jpg,38
1804,test_1804.jpg,38
1805,test_1805.jpg,38
1806,test_1806.jpg,38
1807,test_1807.jpg,38
1808,test_1808.jpg,38
1809,test_1809.jpg,38
1810,test_1810.jpg,38
1811,test_1811.jpg,38
1812,test_1812.jpg,38
1813,test_1813.jpg,38
1814,test_1814.jpg,38
1815,test_1815.jpg,38
1816,test_1816.jpg,38
1817,test_1817.jpg,38
1818,test_1818.jpg,38
1819,test_1819.jpg,38
1820,test_1820.jpg,38
1821,test_1821.jpg,38
1822,test_1822.jpg,38
1823,test_1823.jpg,38
1824,test_1824.jpg,38
1825,test_1825.jpg,38
1826,test_1826.jpg,38
1827,test_1827.jpg,38
1828,test_1828.jpg,38
1829,test_1829.jpg,38
1830,test_1830.jpg,38
1831,test_1831.jpg,38
1832,test_1832.jpg,38
1833,test_1833.jpg,38
1834,test_1834.jpg,38
1835,test_1835.jpg,38
1836,test_1836.jpg,38
1837,test_1837.jpg,38
1838,test_1838.jpg,38
1839,test_1839.jpg,38
1840,test_1840.jpg,38
1841,test_1841.jpg,38
1842,test_1842.jpg,38
1843,test_1843.jpg,38
1844,test_1844.jpg,38
1845,test_1845.jpg,38
1846,test_1846.jpg,38
1847,test_1847.jpg,38
1848,test_1848.jpg,38
1849,test_1849.jpg,38
1850,test_1850.jpg,38
1851,test_1851.jpg,38
1852,test_1852.jpg,38
1853,test_1853.jpg,38
1854,test_1854.jpg,38
1855,test_1855.jpg,38
1856,test_1856.jpg,38
1857,test_1857.jpg,38
1858,test_1858.jpg,38
1859,test_1859.jpg,38
1860,test_1860.jpg,38
1861,test_1861.jpg,38
1862,test_1862.jpg,38
1863,test_1863.jpg,38
1864,test_1864.jpg,38
1865,test_1865.jpg,38
1866,test_1866.jpg,38
1867,test_1867.jpg,38
1868,test_1868.jpg,38
1869,test_1869.jpg,38
1870,test_1870.jpg,38
1871,test_1871.jpg,38
1872,test_1872.jpg,39
1873,test_1873.jpg,39
1874,test_1874.jpg,39
1875,test_1875.jpg,39
1876,test_1876.jpg,39
1877,test_1877.jpg,39
1878,test_1878.jpg,39
1879,test_1879.jpg,39
1880,test_1880.jpg,39
1881,test_1881.jpg,39
1882,test_1882.jpg,39
1883,test_1883.jpg,39
1884,test_1884.jpg,39
1885,test_1885.jpg,39
1886,test_1886.jpg,39
1887,test_1887.jpg,39
1888,test_1888.jpg,39
1889,test_1889.jpg,39
1890,test_1890.jpg,39
1891,test_1891.jpg,39
1892,test_1892.jpg,39
1893,test_1893.jpg,39
1894,test_1894.jpg,39
1895,test_1895.jpg,39
1896,test_1896.jpg,39
1897,test_1897.jpg,39
1898,test_1898.jpg,39
1899,test_1899.jpg,39
1900,test_1900.jpg,39
1901,test_1901.jpg,39
1902,test_1902.jpg,40
1903,test_1903.jpg,40
1904,test_1904.jpg,40
1905,test_1905.jpg,40
1906,test_1906.jpg,40
1907,test_1907.jpg,40
1908,test_1908.jpg,40
1909,test_1909.jpg,40
1910,test_1910.jpg,40
1911,test_1911.jpg,40
1912,test_1912.jpg,40
1913,test_1913.jpg,40
1914,test_1914.jpg,40
1915,test_1915.jpg,40
1916,test_1916.jpg,40
1917,test_1917.jpg,40
1918,test_1918.jpg,40
1919,test_1919.jpg,40
1920,test_1920.jpg,40
1921,test_1921.jpg,40
1922,test_1922.jpg,40
1923,test_1923.jpg,40
1924,test_1924.jpg,40
1925,test_1925.jpg,40
1926,test_1926.jpg,40
1927,test_1927.jpg,40
1928,test_1928.jpg,40
1929,test_1929.jpg,40
1930,test_1930.jpg,40
1931,test_1931.jpg,40
1932,test_1932.jpg,40
1933,test_1933.jpg,40
1934,test_1934.jpg,40
1935,test_1935.jpg,40
1936,test_1936.jpg,40
1937,test_1937.jpg,40
1938,test_1938.jpg,40
1939,test_1939.jpg,40
1940,test_1940.jpg,40
1941,test_1941.jpg,40
1942,test_1942.jpg,40
1943,test_1943.jpg,40
1944,test_1944.jpg,40
1945,test_1945.jpg,40
1946,test_1946.jpg,40
1947,test_1947.jpg,40
1948,test_1948.jpg,40
1949,test_1949.jpg,40
1950,test_1950.jpg,40
1951,test_1951.jpg,40
1952,test_1952.jpg,40
1953,test_1953.jpg,40
1954,test_1954.jpg,40
1955,test_1955.jpg,40
1956,test_1956.jpg,40
1957,test_1957.jpg,40
1958,test_1958.jpg,40
1959,test_1959.jpg,41
1960,test_1960.jpg,41
1961,test_1961.jpg,41
1962,test_1962.jpg,41
1963,test_1963.jpg,41
1964,test_1964.jpg,41
1965,test_1965.jpg,41
1966,test_1966.jpg,41
1967,test_1967.jpg,41
1968,test_1968.jpg,41
1969,test_1969.jpg,41
1970,test_1970.jpg,41
1971,test_1971.jpg,41
1972,test_1972.jpg,41
1973,test_1973.jpg,41
1974,test_1974.jpg,41
1975,test_1975.jpg,41
1976,test_1976.jpg,41
1977,test_1977.jpg,42
1978,test_1978.jpg,42
1979,test_1979.jpg,42
1980,test_1980.jpg,42
1981,test_1981.jpg,42
1982,test_1982.jpg,42
1983,test_1983.jpg,42
1984,test_1984.jpg,42
1985,test_1985.jpg,42
1986,test_1986.jpg,42
1987,test_1987.jpg,42
1988,test_1988.jpg,42
1989,test_1989.jpg,42
1990,test_1990.jpg,42
1991,test_1991.jpg,42
1992,test_1992.jpg,42
1993,test_1993.jpg,42
1994,test_1994.jpg,43
1995,test_1995.jpg,43
1996,test_1996.jpg,43
1997,test_1997.jpg,43
1998,test_1998.jpg,43
1999,test_1999.jpg,43
2000,test_2000.jpg,43
2001,test_2001.jpg,43
2002,test_2002.jpg,43
2003,test_2003.jpg,43
2004,test_2004.jpg,43
2005,test_2005.jpg,43
2006,test_2006.jpg,43
2007,test_2007.jpg,43
2008,test_2008.jpg,43
2009,test_2009.jpg,43
2010,test_2010.jpg,43
2011,test_2011.jpg,43
2012,test_2012.jpg,43
2013,test_2013.jpg,43
2014,test_2014.jpg,43
2015,test_2015.jpg,43
2016,test_2016.jpg,43
2017,test_2017.jpg,44
2018,test_2018.jpg,44
2019,test_2019.jpg,44
2020,test_2020.jpg,44
2021,test_2021.jpg,44
2022,test_2022.jpg,44
2023,test_2023.jpg,44
2024,test_2024.jpg,44
2025,test_2025.jpg,44
2026,test_2026.jpg,44
2027,test_2027.jpg,44
2028,test_2028.jpg,44
2029,test_2029.jpg,44
2030,test_2030.jpg,44
2031,test_2031.jpg,44
2032,test_2032.jpg,44
2033,test_2033.jpg,44
2034,test_2034.jpg,44
2035,test_2035.jpg,44
2036,test_2036.jpg,44
2037,test_2037.jpg,44
2038,test_2038.jpg,44
2039,test_2039.jpg,44
2040,test_2040.jpg,44
2041,test_2041.jpg,44
2042,test_2042.jpg,44
2043,test_2043.jpg,44
2044,test_2044.jpg,44
2045,test_2045.jpg,44
2046,test_2046.jpg,44
2047,test_2047.jpg,44
2048,test_2048.jpg,44
2049,test_2049.jpg,44
2050,test_2050.jpg,44
2051,test_2051.jpg,44
2052,test_2052.jpg,44
2053,test_2053.jpg,44
2054,test_2054.jpg,44
2055,test_2055.jpg,44
2056,test_2056.jpg,44
2057,test_2057.jpg,44
2058,test_2058.jpg,44
2059,test_2059.jpg,44
2060,test_2060.jpg,44
2061,test_2061.jpg,44
2062,test_2062.jpg,44
2063,test_2063.jpg,44
2064,test_2064.jpg,44
2065,test_2065.jpg,44
2066,test_2066.jpg,44
2067,test_2067.jpg,44
2068,test_2068.jpg,44
2069,test_2069.jpg,44
2070,test_2070.jpg,44
2071,test_2071.jpg,45
2072,test_2072.jpg,45
2073,test_2073.jpg,45
2074,test_2074.jpg,45
2075,test_2075.jpg,45
2076,test_2076.jpg,45
2077,test_2077.jpg,45
2078,test_2078.jpg,45
2079,test_2079.jpg,45
2080,test_2080.jpg,45
2081,test_2081.jpg,45
2082,test_2082.jpg,45
2083,test_2083.jpg,45
2084,test_2084.jpg,45
2085,test_2085.jpg,45
2086,test_2086.jpg,45
2087,test_2087.jpg,45
2088,test_2088.jpg,45
2089,test_2089.jpg,45
2090,test_2090.jpg,45
2091,test_2091.jpg,45
2092,test_2092.jpg,45
2093,test_2093.jpg,45
2094,test_2094.jpg,45
2095,test_2095.jpg,45
2096,test_2096.jpg,45
2097,test_2097.jpg,45
2098,test_2098.jpg,45
2099,test_2099.jpg,45
2100,test_2100.jpg,45
2101,test_2101.jpg,45
2102,test_2102.jpg,45
2103,test_2103.jpg,45
2104,test_2104.jpg,45
2105,test_2105.jpg,45
2106,test_2106.jpg,45
2107,test_2107.jpg,45
2108,test_2108.jpg,45
2109,test_2109.jpg,45
2110,test_2110.jpg,45
2111,test_2111.jpg,45
2112,test_2112.jpg,45
2113,test_2113.jpg,45
2114,test_2114.jpg,45
2115,test_2115.jpg,45
2116,test_2116.jpg,45
2117,test_2117.jpg,45
2118,test_2118.jpg,45
2119,test_2119.jpg,45
2120,test_2120.jpg,45
2121,test_2121.jpg,45
2122,test_2122.jpg,45
2123,test_2123.jpg,45
2124,test_2124.jpg,45
2125,test_2125.jpg,45
2126,test_2126.jpg,45
2127,test_2127.jpg,45
2128,test_2128.jpg,45
2129,test_2129.jpg,45
2130,test_2130.jpg,45
2131,test_2131.jpg,45
2132,test_2132.jpg,45
2133,test_2133.jpg,45
2134,test_2134.jpg,45
2135,test_2135.jpg,45